NUTS,Region name,Total,January,February,March,April,May,June,July,August,September,October,November,December
BE10,Région de Bruxelles-Capitale / Brussels Hoofdstedelijk Gewest,,0.098700,0.116259,0.128762,0.142533,0.146384,0.137852,0.166762,0.125315,0.136783,0.153484,0.143574,0.144334
BE21,Prov. Antwerpen,,0.116814,0.155571,0.189596,0.212633,0.228553,0.198040,0.470473,0.335376,0.183737,0.214230,0.177026,0.147657
BE22,Prov. Limburg (BE),,0.117810,0.150595,0.183359,0.255248,0.253340,0.192259,0.519313,0.403779,0.198161,0.200645,0.185202,0.156907
BE23,Prov. Oost-Vlaanderen,,0.057903,0.086155,0.113328,0.119015,0.129682,0.109975,0.207482,0.149081,0.112549,0.115477,0.097058,0.075523
BE24,Prov. Vlaams-Brabant,,0.057752,0.075048,0.088749,0.096872,0.098647,0.087286,0.187616,0.122246,0.094502,0.099037,0.088493,0.074286
BE25,Prov. West-Vlaanderen,,0.199581,0.285560,0.454126,0.582109,0.774992,0.743883,1.233240,1.285364,0.770862,0.559731,0.356899,0.399415
BE31,Prov. Brabant wallon,,0.019570,0.023275,0.024081,0.023884,0.029475,0.026722,0.025166,0.025590,0.026410,0.026957,0.024666,0.019687
BE32,Prov. Hainaut,,0.034272,0.042039,0.055222,0.062724,0.073583,0.054911,0.088373,0.072518,0.060178,0.064963,0.050469,0.049353
BE33,Prov. Liège,,0.080512,0.090512,0.104320,0.123994,0.131672,0.107261,0.192332,0.174737,0.110410,0.131963,0.110668,0.103904
BE34,Prov. Luxembourg (BE),,0.082566,0.092633,0.108605,0.139865,0.181612,0.133391,0.285962,0.267529,0.131903,0.137357,0.131723,0.115176
BE35,Prov. Namur,,0.038399,0.051769,0.065772,0.086221,0.099326,0.077563,0.162253,0.137175,0.084474,0.083139,0.070099,0.056334
BG31,Severozapaden,,0.033948,0.044024,0.048198,0.055638,0.057092,0.062801,0.072041,0.081741,0.057385,0.054954,0.048544,0.047138
BG32,Severen tsentralen,,0.031371,0.038006,0.051287,0.058793,0.060938,0.065102,0.068643,0.073254,0.062004,0.053188,0.052400,0.044271
BG33,Severoiztochen,,0.039106,0.053137,0.055068,0.071213,0.090463,0.186901,0.393756,0.407157,0.205698,0.068603,0.058369,0.053935
BG34,Yugoiztochen,,0.074583,0.078380,0.086927,0.089604,0.137041,0.477218,1.035766,1.066090,0.444672,0.102865,0.105300,0.087680
BG41,Yugozapaden,,0.195331,0.228812,0.223670,0.212957,0.182215,0.199340,0.243007,0.298833,0.219067,0.200633,0.211663,0.226857
BG42,Yuzhen tsentralen,,0.234655,0.299453,0.267814,0.239253,0.212896,0.236597,0.313150,0.366033,0.257821,0.236835,0.234948,0.254023
CZ01,Praha,,0.174393,0.196114,0.235731,0.205664,0.217170,0.224286,0.236419,0.218270,0.208655,0.243345,0.249457,0.204962
CZ02,Střední Čechy,,0.080420,0.103323,0.137160,0.148554,0.215662,0.238731,0.460620,0.451358,0.225267,0.157587,0.134597,0.092249
CZ03,Jihozápad,,0.179152,0.262842,0.247355,0.236985,0.410615,0.517765,1.121186,1.036858,0.415528,0.302063,0.192770,0.159201
CZ04,Severozápad,,0.147866,0.202631,0.218460,0.222178,0.310848,0.345316,0.492575,0.483887,0.310966,0.292011,0.238520,0.169869
CZ05,Severovýchod,,0.536636,0.652771,0.496949,0.327138,0.604891,0.745064,1.311427,1.286654,0.565310,0.461465,0.301165,0.331608
CZ06,Jihovýchod,,0.136920,0.183060,0.236199,0.252284,0.374926,0.452952,0.859327,0.819919,0.386807,0.314407,0.242615,0.153134
CZ07,Střední Morava,,0.178406,0.268988,0.251933,0.253407,0.351141,0.383848,0.584216,0.585144,0.318758,0.302028,0.235982,0.157679
CZ08,Moravskoslezsko,,0.143539,0.168080,0.153543,0.146532,0.186629,0.214070,0.348287,0.322228,0.180905,0.171492,0.133882,0.110187
DK01,Hovedstaden,,0.368498,0.380497,0.479919,0.528882,0.662969,0.714084,0.858046,0.766394,0.645149,0.553168,0.477324,0.438971
DK02,Sjælland,,0.087305,0.114897,0.144911,0.199874,0.279319,0.287178,0.528152,0.351980,0.225803,0.166594,0.113317,0.083743
DK03,Syddanmark,,0.241049,0.306800,0.408377,0.474837,0.663531,0.657886,1.243662,0.788009,0.593636,0.494481,0.376302,0.248897
DK04,Midtjylland,,0.154797,0.205520,0.268164,0.325151,0.467996,0.471798,0.881115,0.568132,0.376290,0.287704,0.239915,0.157809
DK05,Nordjylland,,0.105769,0.154860,0.212399,0.255616,0.375227,0.388269,0.788583,0.476014,0.327293,0.262170,0.169633,0.135541
DE11,Stuttgart,,0.631595,0.717614,0.822537,0.831328,0.873326,0.895881,1.020993,0.902063,0.945682,0.956123,0.826115,0.695259
DE12,Karlsruhe,,0.460838,0.500428,0.661532,0.687259,0.809644,0.781103,0.832180,0.845891,0.823474,0.830587,0.647708,0.572742
DE13,Freiburg,,0.539825,0.564253,0.846656,0.932185,1.358833,1.181056,1.425524,1.638738,1.257108,1.234756,0.676067,0.749461
DE14,Tübingen,,0.364084,0.365649,0.531879,0.583445,0.871394,0.783796,0.920928,1.066027,0.798955,0.699317,0.449155,0.405331
DE21,Oberbayern,,1.668605,1.860931,2.048844,2.045684,2.832013,2.851472,3.644050,3.768242,2.908761,2.833688,1.863006,1.979769
DE22,Niederbayern,,0.441421,0.542313,0.626214,0.599335,0.872342,0.741790,0.873015,1.030611,0.864976,0.850733,0.545080,0.497945
DE23,Oberpfalz,,0.210913,0.249481,0.295093,0.301880,0.450001,0.389727,0.490853,0.536834,0.407179,0.408633,0.260262,0.259891
DE24,Oberfranken,,0.176213,0.206208,0.292105,0.321738,0.456911,0.415020,0.469030,0.480902,0.425293,0.400777,0.251638,0.221001
DE25,Mittelfranken,,0.290504,0.340546,0.470095,0.497862,0.692462,0.689382,0.798763,0.786329,0.636536,0.620703,0.458706,0.458810
DE26,Unterfranken,,0.218611,0.250518,0.350404,0.382099,0.550947,0.519455,0.564770,0.567029,0.528394,0.499579,0.337617,0.288146
DE27,Schwaben,,0.734572,0.811847,0.827771,0.778550,1.295636,1.191939,1.619766,1.828800,1.335190,1.256607,0.548905,0.708307
DE30,Berlin,,1.079175,1.218058,1.500146,1.480113,1.645014,1.490623,1.541761,1.590902,1.554706,1.742525,1.495737,1.273152
DE40,Brandenburg,,0.419625,0.519383,0.734853,0.807925,1.327111,1.263915,1.577823,1.528324,1.156312,1.036366,0.623982,0.534992
DE50,Bremen,,0.122248,0.151426,0.189559,0.182132,0.216782,0.201216,0.191031,0.221247,0.210781,0.214997,0.192650,0.180511
DE60,Hamburg,,0.726622,0.849047,1.083776,1.046944,1.178247,0.996330,1.101971,1.213412,1.003628,1.125761,0.988505,0.985425
DE71,Darmstadt,,0.975142,0.955792,1.141074,1.138945,1.233109,1.351829,1.366780,1.245162,1.399248,1.327990,1.221772,1.029670
DE72,Gießen,,0.087781,0.104103,0.137343,0.146086,0.218648,0.210340,0.233202,0.240904,0.195382,0.175136,0.137528,0.108976
DE73,Kassel,,0.310872,0.339013,0.428062,0.453112,0.648043,0.598464,0.633291,0.669238,0.581399,0.551615,0.401192,0.342418
DE80,Mecklenburg-Vorpommern,,0.692018,0.941004,1.620116,1.537103,2.932955,3.382945,4.915335,4.886260,3.144638,2.483634,0.998005,1.097185
DE91,Braunschweig,,0.323348,0.379408,0.445495,0.435146,0.554293,0.501903,0.503340,0.557044,0.525007,0.568321,0.409091,0.405798
DE92,Hannover,,0.275365,0.310080,0.389510,0.444441,0.567648,0.564299,0.547927,0.615055,0.541288,0.476310,0.416663,0.307636
DE93,Lüneburg,,0.306599,0.354431,0.609474,0.653531,1.036904,0.909938,1.142191,1.319428,0.947790,0.902381,0.439490,0.385867
DE94,Weser-Ems,,0.432434,0.544197,1.088531,1.215570,1.927147,1.777962,2.331462,2.447519,1.786563,1.543970,0.657528,0.589688
DEA1,Düsseldorf,,0.604588,0.574923,0.738609,0.756252,0.817625,0.868708,0.803623,0.818721,0.855201,0.810575,0.781250,0.623880
DEA2,Köln,,0.608313,0.676712,0.814344,0.877085,0.955267,0.880550,0.882365,0.988562,0.931745,0.943685,0.850046,0.700444
DEA3,Münster,,0.218306,0.233123,0.304361,0.310982,0.423821,0.383785,0.368913,0.401808,0.387125,0.380250,0.314796,0.249883
DEA4,Detmold,,0.176288,0.195188,0.259311,0.270124,0.362383,0.344778,0.357040,0.380503,0.345922,0.326088,0.257336,0.221542
DEA5,Arnsberg,,0.437204,0.450862,0.558145,0.572191,0.695126,0.637196,0.665349,0.694409,0.658681,0.718828,0.552459,0.473606
DEB1,Koblenz,,0.203876,0.230507,0.385586,0.454598,0.727632,0.642374,0.664398,0.785198,0.706528,0.636622,0.326056,0.282125
DEB2,Trier,,0.137960,0.149519,0.289786,0.300426,0.498664,0.387354,0.431547,0.497188,0.443722,0.465506,0.208551,0.201333
DEB3,Rheinhessen-Pfalz,,0.231046,0.263251,0.399057,0.418343,0.524460,0.493930,0.497113,0.525376,0.537161,0.504363,0.357318,0.283863
DEC0,Saarland,,0.101518,0.108322,0.143358,0.148969,0.189890,0.190558,0.196494,0.222472,0.180427,0.178157,0.124143,0.113849
DED2,Dresden,,0.285977,0.358736,0.559052,0.577976,0.890134,0.766749,0.804105,0.893329,0.754161,0.771004,0.480169,0.610100
DED4,Chemnitz,,0.211555,0.271725,0.249327,0.242887,0.344833,0.310833,0.350269,0.356248,0.328862,0.324019,0.242792,0.305384
DED5,Leipzig,,0.213659,0.253406,0.350743,0.351319,0.426226,0.354443,0.380163,0.424102,0.390610,0.388221,0.323457,0.298739
DEE0,Sachsen-Anhalt,,0.274747,0.342382,0.471731,0.518921,0.738631,0.678759,0.729829,0.758167,0.684230,0.670261,0.417231,0.413352
DEF0,Schleswig-Holstein,,0.852339,1.031130,1.956636,1.981820,3.600675,3.717740,5.153088,5.448579,3.523961,2.847783,1.174024,1.250762
DEG0,Thüringen,,0.351150,0.414336,0.543231,0.557859,0.827820,0.730193,0.796795,0.933437,0.717115,0.720844,0.498782,0.489554
EE00,Eesti,,0.184860,0.197729,0.202684,0.200586,0.222414,0.307121,0.430222,0.372028,0.211648,0.224186,0.206460,0.217995
IE04,Northern and Western,,0.109001,0.229999,0.375999,0.220000,0.362000,0.869001,0.764001,1.215999,0.516000,0.285999,0.252001,0.247998
IE05,Southern,,0.246000,0.298999,0.551001,0.437000,0.350999,0.906998,1.105998,1.481997,0.556999,0.678004,0.368999,0.409998
IE06,Eastern and Midland,,0.304001,0.275002,0.172000,0.368001,0.442999,0.483001,0.361998,0.700001,0.226999,0.414000,0.431999,0.307000
EL30,Attiki,,0.215048,0.214463,0.327687,0.272070,0.229380,0.286029,0.336771,0.373338,0.281845,0.225295,0.214544,0.250024
EL41,Voreio Aigaio,,0.012445,0.016182,0.021327,0.030444,0.036674,0.089898,0.149214,0.222522,0.075287,0.049831,0.024515,0.018260
EL42,Notio Aigaio,,0.089815,0.075183,0.154590,0.173011,0.219882,0.391731,0.598320,0.769791,0.334334,0.153285,0.111206,0.147837
EL43,Kriti,,0.052251,0.079578,0.091748,0.136420,0.127655,0.183837,0.263524,0.414500,0.176584,0.147865,0.151484,0.098696
EL51,"Anatoliki Makedonia, Thraki",,0.045965,0.041723,0.059477,0.060643,0.064565,0.104588,0.153695,0.219944,0.084794,0.064254,0.054938,0.063367
EL52,Kentriki Makedonia,,0.165021,0.183794,0.211287,0.247948,0.241302,0.387800,0.636735,0.833306,0.342247,0.216086,0.187649,0.271675
EL53,Dytiki Makedonia,,0.020586,0.013958,0.023018,0.021188,0.017579,0.020399,0.024713,0.033653,0.022158,0.049213,0.019798,0.032169
EL54,Ipeiros,,0.084088,0.059273,0.093429,0.119150,0.080422,0.133526,0.194867,0.285915,0.130905,0.082030,0.065561,0.113233
EL61,Thessalia,,0.091785,0.076784,0.126093,0.127621,0.088306,0.142290,0.244157,0.365009,0.106977,0.072772,0.070518,0.166919
EL62,Ionia Nisia,,0.017528,0.033002,0.034891,0.155812,0.095362,0.144973,0.226634,0.339187,0.138684,0.072331,0.038750,0.038374
EL63,Dytiki Elláda,,0.051132,0.059499,0.083900,0.095321,0.069499,0.094517,0.153470,0.229544,0.085439,0.075428,0.061725,0.063285
EL64,Sterea Elláda,,0.078527,0.065136,0.083888,0.098871,0.086324,0.187336,0.309712,0.465032,0.168863,0.106717,0.050186,0.079323
EL65,Peloponnisos,,0.088820,0.087178,0.169571,0.236628,0.197393,0.307420,0.512494,0.790826,0.303556,0.164947,0.089711,0.098510
ES11,Galicia,,0.274884,0.324756,0.538734,0.512033,0.635532,0.867538,1.568478,2.082991,0.973394,0.680057,0.500984,0.440118
ES12,Principado de Asturias,,0.143016,0.156645,0.337130,0.262404,0.338063,0.474907,0.979758,1.348486,0.564370,0.337695,0.239418,0.214751
ES13,Cantabria,,0.092842,0.101427,0.296626,0.298790,0.350286,0.465830,0.995262,1.229202,0.488127,0.231817,0.168831,0.137702
ES21,País Vasco,,0.298064,0.323797,0.465487,0.408280,0.428409,0.453639,0.620037,0.746938,0.474309,0.455932,0.438733,0.405824
ES22,Comunidad Foral de Navarra,,0.114835,0.131673,0.225788,0.215754,0.241894,0.266462,0.388867,0.535794,0.276761,0.278292,0.198557,0.185126
ES23,La Rioja,,0.045748,0.060934,0.113874,0.089038,0.098593,0.109793,0.183004,0.240017,0.105129,0.102714,0.093265,0.079892
ES24,Aragón,,0.383143,0.436599,0.605288,0.419365,0.477416,0.544189,0.813830,1.195039,0.531865,0.488602,0.386844,0.445953
ES30,Comunidad de Madrid,,1.044182,1.119531,1.261371,1.109667,1.236816,1.292539,1.297563,1.152050,1.158110,1.218143,1.272751,1.350659
ES41,Castilla y León,,0.452721,0.537755,0.833583,0.724900,0.842011,0.908067,1.232056,1.491175,0.916296,0.883179,0.764532,0.710063
ES42,Castilla-La Mancha,,0.231458,0.284427,0.410340,0.413236,0.461472,0.466671,0.570875,0.632683,0.428154,0.495638,0.381230,0.362567
ES43,Extremadura,,0.147004,0.191813,0.292303,0.283432,0.305119,0.295579,0.363146,0.467003,0.319133,0.290688,0.256064,0.236308
ES51,Cataluña,,1.016133,1.133218,2.210703,2.030009,2.618285,3.850986,4.475551,5.767424,2.852820,1.762286,1.196504,1.239891
ES52,Comunitat Valenciana,,0.846068,1.031935,1.738172,1.548915,1.898349,2.610803,3.878887,4.582838,2.369931,1.453188,1.171742,1.123742
ES53,Illes Balears,,0.076088,0.188374,0.343514,0.395627,0.742857,1.202963,1.161129,1.416927,0.915149,0.619214,0.096784,0.103706
ES61,Andalucía,,1.407291,1.819742,2.573931,2.495182,3.011632,3.665835,5.094656,6.156758,3.546344,2.174241,1.697272,1.749742
ES62,Región de Murcia,,0.125360,0.193865,0.300140,0.257867,0.306269,0.354016,0.528783,0.667454,0.336933,0.248996,0.199412,0.176485
ES63,Ciudad de Ceuta,,0.005359,0.005059,0.008474,0.009349,0.007275,0.006090,0.008083,0.009297,0.007040,0.008460,0.005011,0.005454
ES64,Ciudad de Melilla,,0.006721,0.008153,0.008514,0.008973,0.010607,0.011479,0.008250,0.010525,0.010726,0.010966,0.009215,0.007518
ES70,Canarias,,0.683413,0.602194,0.775171,0.764616,1.016759,1.232053,1.558347,1.939763,1.312480,0.965854,0.689323,0.760937
FR10,Ile-de-France,,2.983668,2.867372,3.316362,3.203533,3.358149,3.344207,3.205122,3.145824,3.468007,3.665890,3.571821,3.435481
FRB0,Centre — Val de Loire,,0.361464,0.399886,0.496650,0.702814,0.853981,0.775238,1.066696,1.241675,0.689844,0.554295,0.389804,0.423908
FRC1,Bourgogne,,0.223842,0.251366,0.307085,0.345428,0.475921,0.460760,0.595423,0.699108,0.440440,0.356049,0.292333,0.256155
FRC2,Franche-Comté,,0.145822,0.166140,0.165064,0.156404,0.302964,0.292723,0.525654,0.688618,0.258821,0.166342,0.123533,0.135696
FRD1,Basse-Normandie,,0.217296,0.287503,0.374609,0.669624,0.914422,0.764661,1.227033,1.645736,0.687099,0.510761,0.329046,0.252483
FRD2,Haute-Normandie,,0.235527,0.261813,0.231945,0.276794,0.429313,0.386662,0.451715,0.567879,0.344354,0.340838,0.274824,0.231713
FRE1,Nord-Pas de Calais,,0.379579,0.415318,0.485245,0.543701,0.650494,0.618382,0.741501,0.859900,0.595589,0.542425,0.477727,0.443984
FRE2,Picardie,,0.205125,0.211504,0.271708,0.445005,0.527437,0.446938,0.616275,0.763744,0.394094,0.370370,0.249974,0.230613
FRF1,Alsace,,0.296297,0.329940,0.403699,0.469802,0.574523,0.561135,0.620933,0.741688,0.541791,0.521235,0.452866,0.681579
FRF2,Champagne-Ardenne,,0.147160,0.150850,0.193131,0.209706,0.279796,0.276299,0.308887,0.347748,0.282181,0.242045,0.198520,0.176884
FRF3,Lorraine,,0.304697,0.346386,0.343664,0.369495,0.448995,0.434182,0.543889,0.676263,0.380451,0.376015,0.323986,0.366205
FRG0,Pays de la Loire,,0.539757,0.585718,0.751469,1.659287,2.276277,1.946271,4.291363,5.775237,1.702922,0.996700,0.681760,0.566092
FRH0,Bretagne,,0.458865,0.542647,0.745211,1.546463,2.247392,1.992735,3.872408,5.274691,1.922398,0.992184,0.613306,0.532277
FRI1,Aquitaine,,0.663113,0.716167,0.988847,1.868012,2.450565,2.360111,5.753537,7.818841,2.341984,1.473108,0.885024,0.726331
FRI2,Limousin,,0.068940,0.080524,0.099345,0.123778,0.196588,0.204280,0.357885,0.514485,0.182409,0.131259,0.091998,0.077180
FRI3,Poitou-Charentes,,0.343569,0.408056,0.522469,1.166905,1.439885,1.305004,2.845212,3.857424,1.191673,0.743355,0.457791,0.395909
FRJ1,Languedoc-Roussillon,,0.488466,0.605348,0.750581,1.916050,2.658751,2.880088,6.522856,8.873820,2.587653,1.147554,0.603220,0.547030
FRJ2,Midi-Pyrénées,,0.621173,0.749291,0.771069,0.868011,1.166661,1.215748,2.142787,2.897477,1.177213,0.927506,0.552489,0.607860
FRK1,Auvergne,,0.232617,0.298065,0.298491,0.338851,0.571760,0.564659,1.087394,1.464381,0.504678,0.362087,0.228024,0.241380
FRK2,Rhône-Alpes,,3.407318,4.070610,3.809367,2.405119,2.372254,2.683359,5.163167,6.699637,2.211877,1.566016,1.326615,2.515315
FRL0,Provence-Alpes-Côte d’Azur,,1.512154,1.843251,2.040823,2.801188,3.517999,3.645838,6.043882,7.971792,3.452831,2.356558,1.354155,1.431778
FRM0,Corse,,0.045322,0.053466,0.072539,0.335799,0.689366,0.917068,1.534086,1.930340,1.062707,0.434692,0.079345,0.056769
FRY1,Guadeloupe,,0.123097,0.129009,0.123147,0.106062,0.084378,0.061034,0.085071,0.102369,0.031699,0.064446,0.083421,0.106943
FRY2,Martinique,,0.117570,0.119565,0.107999,0.087301,0.081798,0.057647,0.087758,0.100489,0.036027,0.060047,0.080984,0.095717
FRY3,Guyane,,:,:,:,:,:,:,:,:,:,:,:,:
FRY4,La Réunion,,0.121494,0.089675,0.117675,0.102158,0.123891,0.086089,0.118388,0.142730,0.107911,0.144994,0.138093,0.132218
FRY5,Mayotte,,:,:,:,:,:,:,:,:,:,:,:,:
HR02,Panonska Hrvatska,,0.033644,0.036780,0.036297,0.048715,0.054062,0.047993,0.042719,0.051408,0.053520,0.051980,0.056451,0.041770
HR03,Jadranska Hrvatska,,0.130994,0.162113,0.226517,0.333091,0.472646,0.778790,1.624752,2.111919,0.538530,0.307627,0.224021,0.150281
HR05,Grad Zagreb,,0.038659,0.041046,0.040980,0.039803,0.041558,0.035452,0.027286,0.024892,0.036794,0.048934,0.058388,0.076570
HR06,Sjeverna Hrvatska,,0.047854,0.047518,0.042435,0.043421,0.050298,0.045366,0.039825,0.056576,0.041420,0.046540,0.050676,0.049451
ITC1,Piemonte,,0.524204,0.490572,0.571073,0.550284,0.529513,0.588799,0.795431,0.831606,0.551428,0.510312,0.542639,0.547849
ITC2,Valle d’Aosta/Vallée d’Aoste,,0.247613,0.183208,0.149363,0.077952,0.045828,0.126092,0.362200,0.528257,0.113496,0.053282,0.067554,0.208517
ITC3,Liguria,,0.390450,0.399242,0.495818,0.628155,0.617333,1.041938,1.395672,1.820356,0.918894,0.374968,0.312873,0.338890
ITC4,Lombardia,,1.226321,1.177498,1.272702,1.277905,1.218541,1.345209,1.617619,1.724251,1.278161,1.170581,1.282616,1.289414
ITF1,Abruzzo,,0.234515,0.225514,0.194845,0.216488,0.255730,0.796316,1.340877,1.709797,0.518648,0.216043,0.162832,0.220512
ITF2,Molise,,0.014139,0.016030,0.016143,0.017333,0.026841,0.041651,0.085866,0.127001,0.032292,0.014107,0.012523,0.010023
ITF3,Campania,,0.398496,0.366127,0.537210,0.697131,0.766879,1.105058,1.408223,1.788726,0.934820,0.742838,0.486095,0.495500
ITF4,Puglia,,0.182840,0.191640,0.282372,0.370536,0.444759,1.560361,2.815328,3.808176,1.259521,0.372909,0.290765,0.283598
ITF5,Basilicata,,0.058465,0.042406,0.063920,0.098386,0.130243,0.258654,0.451054,0.557177,0.204767,0.078629,0.059282,0.060464
ITF6,Calabria,,0.065807,0.070434,0.078265,0.126834,0.175991,0.851438,1.820466,2.329691,0.726486,0.134387,0.081566,0.076497
ITG1,Sicilia,,0.274156,0.290303,0.386964,0.517774,0.626098,1.033597,1.438421,1.976920,1.026335,0.490320,0.306941,0.283040
ITG2,Sardegna,,0.084964,0.094727,0.113326,0.173167,0.284085,1.209621,1.776000,2.340212,1.084681,0.260105,0.109780,0.102920
ITH1,Provincia Autonoma di Bolzano/Bozen,,1.151189,0.770210,0.531804,0.206165,0.170375,0.534245,1.774027,2.982633,0.588963,0.269079,0.335807,1.179606
ITH2,Provincia Autonoma di Trento,,1.251562,0.951622,0.738548,0.245777,0.215213,0.716224,2.018619,2.637380,0.775450,0.246383,0.227775,1.000837
ITH3,Veneto,,1.089860,1.018654,1.192603,1.467135,1.416667,2.829111,3.296026,4.151875,1.850191,1.076846,1.169343,1.135579
ITH4,Friuli-Venezia Giulia,,0.206208,0.195496,0.235216,0.254194,0.282711,0.470055,0.642764,0.843980,0.355510,0.218560,0.198228,0.228575
ITH5,Emilia-Romagna,,0.903754,0.843167,1.183526,1.601196,1.755718,4.548102,5.631945,6.478591,2.526056,1.081742,1.046770,0.966626
ITI1,Toscana,,0.668070,0.672069,0.924642,1.185485,1.231294,2.510596,3.466774,4.645922,1.892098,0.823814,0.822026,0.756804
ITI2,Umbria,,0.218944,0.168580,0.295515,0.388794,0.342378,0.379660,0.473429,0.746004,0.372695,0.336416,0.329960,0.314385
ITI3,Marche,,0.208222,0.201813,0.276043,0.352382,0.431265,1.188075,1.868903,2.298122,0.793365,0.330477,0.312071,0.311743
ITI4,Lazio,,1.206015,1.267325,1.439845,1.388559,1.463457,1.541631,1.746447,1.596198,1.285004,1.226357,1.435466,1.368171
CY00,Kýpros,,0.049220,0.049785,0.088650,0.070148,0.089792,0.132627,0.189070,0.338475,0.106466,0.088798,0.062725,0.084869
LV00,Latvija,,0.097596,0.100927,0.117686,0.118678,0.141778,0.208349,0.289313,0.265985,0.141783,0.128837,0.117359,0.122669
LT01,Sostinės regionas,,0.063839,0.063129,0.069923,0.073255,0.080773,0.102419,0.121717,0.120701,0.083800,0.076769,0.070897,0.081292
LT02,Vidurio ir vakarų Lietuvos regionas,,0.227158,0.247462,0.267427,0.277987,0.341279,0.507434,0.694168,0.699510,0.377123,0.310784,0.284729,0.294378
LU00,Luxembourg,,0.023301,0.025997,0.030039,0.033913,0.052441,0.062027,0.053719,0.042554,0.037611,0.034040,0.031143,0.032167
HU11,Budapest,,0.120518,0.123822,0.141510,0.146975,0.169879,0.158144,0.163758,0.169520,0.148399,0.153623,0.153079,0.151549
HU12,Pest,,0.058613,0.061959,0.067487,0.064354,0.080543,0.088551,0.123152,0.131158,0.075300,0.081667,0.069985,0.063251
HU21,Közép-Dunántúl,,0.107977,0.107268,0.143963,0.155852,0.236863,0.353146,0.636965,0.612071,0.238444,0.172387,0.133953,0.126874
HU22,Nyugat-Dunántúl,,0.179320,0.188674,0.227172,0.223572,0.251631,0.294091,0.489498,0.491563,0.244840,0.273268,0.226397,0.213615
HU23,Dél-Dunántúl,,0.067017,0.071387,0.091236,0.095598,0.147419,0.269057,0.520349,0.519033,0.142512,0.111601,0.092697,0.076415
HU31,Észak-Magyarország,,0.119903,0.120879,0.153345,0.137964,0.180510,0.205387,0.291646,0.308455,0.165933,0.186589,0.149929,0.145094
HU32,Észak-Alföld,,0.074308,0.082178,0.106400,0.106163,0.128428,0.150038,0.261180,0.270134,0.125137,0.126674,0.108818,0.092285
HU33,Dél-Alföld,,0.064350,0.071356,0.096878,0.095728,0.125185,0.139890,0.243089,0.239316,0.115429,0.117650,0.088108,0.083680
MT00,Malta,,0.044372,0.062775,0.064284,0.050906,0.051491,0.056643,0.063459,0.067482,0.056412,0.053995,0.069438,0.073839
NL11,Groningen,,0.073206,0.069072,0.077225,0.085877,0.157746,0.138262,0.148297,0.203930,0.133141,0.089867,0.075562,0.078745
NL12,Friesland (NL),,0.176834,0.188787,0.216835,0.290043,0.683845,0.634799,0.834210,0.980583,0.544357,0.321144,0.237739,0.193687
NL13,Drenthe,,0.337037,0.351127,0.310889,0.380236,0.794553,0.636321,0.747688,1.038803,0.622682,0.362246,0.294183,0.354227
NL21,Overijssel,,0.240837,0.243000,0.256621,0.469251,0.917688,0.701430,0.901304,1.412585,0.696671,0.456509,0.286066,0.296973
NL22,Gelderland,,0.573402,0.585561,0.581946,0.822985,1.535041,1.320816,1.630219,2.109801,1.239746,0.921835,0.620865,0.603394
NL23,Flevoland,,0.123912,0.123819,0.111836,0.112808,0.229539,0.141506,0.189535,0.267844,0.205111,0.132832,0.130549,0.136026
NL32,Noord-Holland,,0.828524,0.835828,0.896992,1.037978,1.420113,1.287017,1.368192,1.661645,1.291878,1.052786,0.866745,0.802040
NL34,Zeeland,,0.214386,0.252638,0.197267,0.316418,0.690568,0.633107,0.746457,0.947664,0.566204,0.330021,0.246100,0.223772
NL35,Utrecht,,0.180967,0.187304,0.208877,0.252545,0.415483,0.330927,0.400309,0.422591,0.334237,0.268889,0.222896,0.198807
NL36,Zuid-Holland,,0.494175,0.491919,0.526119,0.606996,0.826931,0.755104,0.815703,0.864330,0.743104,0.625860,0.528827,0.544307
NL41,Noord-Brabant,,0.486622,0.508841,0.504894,0.675204,1.188914,1.076596,1.294188,1.528570,0.965167,0.709582,0.541138,0.529518
NL42,Limburg (NL),,0.482470,0.502341,0.499503,0.632769,1.048698,0.944200,1.182299,1.460359,0.983828,0.686858,0.555857,0.676105
AT11,Burgenland,,0.122735,0.134498,0.154978,0.158045,0.232455,0.282414,0.279404,0.324552,0.197121,0.176840,0.162775,0.129941
AT12,Niederösterreich,,0.263513,0.281258,0.316540,0.343555,0.410103,0.434552,0.485662,0.539204,0.381733,0.392965,0.328615,0.271282
AT13,Wien,,0.205460,0.219808,0.284961,0.287171,0.312546,0.320578,0.253535,0.262560,0.262146,0.327470,0.305339,0.260218
AT21,Kärnten,,0.241571,0.334127,0.225103,0.146645,0.420817,0.614270,0.951059,0.972658,0.460752,0.229176,0.153872,0.201892
AT22,Steiermark,,0.519746,0.612638,0.525823,0.399550,0.585288,0.612772,0.726151,0.870293,0.603029,0.593270,0.412839,0.463172
AT31,Oberösterreich,,0.305848,0.325413,0.340342,0.328382,0.411096,0.459141,0.538804,0.554696,0.399340,0.397463,0.328731,0.285414
AT32,Salzburg,,0.605750,0.775261,0.557683,0.272830,0.390792,0.474233,0.638373,0.711382,0.433975,0.380114,0.301836,0.469343
AT33,Tirol,,0.300921,0.358998,0.290467,0.180320,0.235388,0.302493,0.439784,0.483586,0.319372,0.270422,0.191137,0.237212
AT34,Vorarlberg,,0.070820,0.101744,0.080083,0.050772,0.060013,0.081075,0.102813,0.124747,0.080396,0.063636,0.043555,0.053079
PL21,Małopolskie,,0.871711,0.889502,0.639174,0.639834,0.866317,0.933317,1.237517,1.357581,0.932214,0.848340,0.713232,0.804977
PL22,Śląskie,,0.426171,0.408882,0.326625,0.349956,0.443408,0.471328,0.534195,0.597605,0.479253,0.473715,0.432509,0.415286
PL41,Wielkopolskie,,0.169834,0.181441,0.197310,0.218158,0.268470,0.338838,0.434316,0.428453,0.280931,0.260037,0.231574,0.182774
PL42,Zachodniopomorskie,,0.494593,0.598543,0.598646,0.721150,1.127814,1.596167,2.356848,2.338821,1.276826,0.810607,0.637968,0.505878
PL43,Lubuskie,,0.043794,0.050509,0.052936,0.059409,0.095894,0.114950,0.225402,0.206420,0.093179,0.073408,0.062417,0.052510
PL51,Dolnośląskie,,0.718144,0.729875,0.577413,0.604410,0.827609,0.820057,1.057532,1.202631,0.739842,0.783749,0.676182,0.703478
PL52,Opolskie,,0.038762,0.045520,0.038693,0.042001,0.061903,0.071356,0.084265,0.097281,0.054153,0.060462,0.048341,0.039112
PL61,Kujawsko-pomorskie,,0.274963,0.301851,0.323282,0.335713,0.406981,0.418591,0.492682,0.492528,0.409690,0.394437,0.349192,0.290526
PL62,Warmińsko-mazurskie,,0.143832,0.127137,0.141716,0.146422,0.293915,0.364192,0.640419,0.654322,0.256132,0.177969,0.156265,0.140696
PL63,Pomorskie,,0.379733,0.425566,0.396274,0.436732,0.746095,1.064738,1.840217,1.868206,0.838671,0.505974,0.427939,0.377716
PL71,Łódzkie,,0.141696,0.149009,0.150796,0.159873,0.189287,0.218555,0.238540,0.242165,0.206301,0.218999,0.195956,0.155342
PL72,Świętokrzyskie,,0.113708,0.122534,0.133061,0.132297,0.173547,0.171913,0.207583,0.224271,0.185211,0.169810,0.155135,0.129745
PL81,Lubelskie,,0.110512,0.106336,0.123298,0.148453,0.190806,0.205925,0.302832,0.317023,0.196863,0.175451,0.155069,0.129071
PL82,Podkarpackie,,0.202386,0.189293,0.188523,0.207270,0.278861,0.309618,0.416071,0.450444,0.293648,0.274536,0.212570,0.177423
PL84,Podlaskie,,0.055723,0.054018,0.054583,0.064754,0.100626,0.113167,0.167316,0.184543,0.122233,0.090526,0.070179,0.061973
PL91,Warszawski stołeczny,,0.412452,0.458681,0.473271,0.503857,0.571280,0.575523,0.561130,0.611094,0.610304,0.652981,0.602902,0.524789
PL92,Mazowiecki regionalny,,0.084175,0.078389,0.084314,0.095684,0.113286,0.133095,0.151673,0.154281,0.131327,0.124358,0.113819,0.102633
PT11,Norte,,0.296901,0.349154,0.388973,0.416484,0.456085,0.520232,0.627525,0.893808,0.537618,0.454096,0.428881,0.421455
PT15,Algarve,,0.127837,0.173887,0.250054,0.313771,0.340820,0.596411,0.980755,1.482165,0.661691,0.286977,0.175246,0.180478
PT19,Centro (PT),,0.214767,0.246091,0.280256,0.282979,0.309218,0.345498,0.470758,0.807642,0.386524,0.296493,0.285549,0.278379
PT1A,Grande Lisboa,,0.233510,0.262692,0.293875,0.308117,0.316230,0.328420,0.341538,0.342492,0.302559,0.317091,0.316115,0.308106
PT1B,Península de Setúbal,,0.067700,0.077249,0.086956,0.104534,0.111064,0.152460,0.232713,0.305762,0.172370,0.112786,0.080792,0.078284
PT1C,Alentejo,,0.090175,0.124893,0.155362,0.186298,0.215570,0.282186,0.426604,0.675884,0.313860,0.181740,0.158120,0.133981
PT1D,Oeste e Vale do Tejo,,0.086610,0.105443,0.126855,0.142212,0.169084,0.189712,0.276007,0.401390,0.211376,0.149574,0.146006,0.129064
PT20,Região Autónoma dos Açores,,0.052202,0.074335,0.096185,0.114809,0.110169,0.107979,0.103755,0.115679,0.105337,0.101762,0.077593,0.050809
PT30,Região Autónoma da Madeira,,0.068357,0.087197,0.100757,0.103041,0.116314,0.138615,0.143293,0.165606,0.132026,0.135361,0.112623,0.105527
RO11,Nord-Vest,,0.173037,0.198119,0.189442,0.206015,0.261337,0.310258,0.398622,0.461205,0.306008,0.301406,0.249177,0.222556
RO12,Centru,,0.343115,0.409751,0.334963,0.333820,0.399583,0.441184,0.585018,0.668956,0.470125,0.477030,0.399921,0.433574
RO21,Nord-Est,,0.139840,0.141861,0.144500,0.163432,0.205678,0.233504,0.311176,0.380888,0.232319,0.240372,0.182801,0.186779
RO22,Sud-Est,,0.068303,0.088650,0.097509,0.119017,0.186459,0.663104,1.990007,2.317843,0.516276,0.154707,0.118936,0.084373
RO31,Sud-Muntenia,,0.129384,0.146546,0.126334,0.126991,0.163627,0.198229,0.253968,0.282985,0.198428,0.172837,0.162934,0.153811
RO32,Bucureşti-Ilfov,,0.113959,0.129623,0.140371,0.136944,0.146980,0.148776,0.144392,0.145600,0.162966,0.174797,0.160150,0.139062
RO41,Sud-Vest Oltenia,,0.121606,0.126554,0.121721,0.120064,0.156628,0.211646,0.257117,0.304531,0.216254,0.202317,0.170727,0.149968
RO42,Vest,,0.079204,0.091849,0.097524,0.109831,0.135213,0.161888,0.193768,0.233143,0.186343,0.159090,0.135032,0.110746
SI03,Vzhodna Slovenija,,0.173728,0.216889,0.177022,0.160160,0.179429,0.208901,0.249516,0.293847,0.177241,0.194129,0.174305,0.176996
SI04,Zahodna Slovenija,,0.103593,0.160551,0.126774,0.125239,0.154094,0.214077,0.313709,0.339121,0.180875,0.155785,0.119812,0.122759
SK01,Bratislavský kraj,,0.055550,0.062795,0.073361,0.074884,0.094539,0.093374,0.136728,0.126092,0.085574,0.092537,0.086666,0.073880
SK02,Západné Slovensko,,0.091177,0.121141,0.145375,0.152089,0.198607,0.239440,0.342323,0.339107,0.187297,0.187100,0.171425,0.091566
SK03,Stredné Slovensko,,0.263567,0.295241,0.272421,0.208780,0.273290,0.309335,0.452066,0.526986,0.283272,0.299353,0.263930,0.218202
SK04,Východné Slovensko,,0.182440,0.210348,0.206161,0.161453,0.214111,0.237899,0.331337,0.363626,0.229937,0.254825,0.205100,0.182715
FI19,Länsi-Suomi,,0.218894,0.291300,0.299384,0.262173,0.284259,0.438861,0.679550,0.395871,0.279903,0.308646,0.257863,0.228155
FI1B,Helsinki-Uusimaa,,0.243814,0.267481,0.291520,0.295709,0.331500,0.405673,0.461839,0.385335,0.316408,0.372560,0.337866,0.266876
FI1C,Etelä-Suomi,,0.143881,0.187434,0.197403,0.173500,0.218797,0.327017,0.477501,0.307736,0.205677,0.230705,0.183574,0.157525
FI1D,Pohjois- ja Itä-Suomi,,0.290365,0.410790,0.541438,0.408833,0.282678,0.553377,0.861590,0.530363,0.500658,0.367531,0.294500,0.319587
FI20,Åland,,0.003078,0.003853,0.004804,0.009153,0.021578,0.046496,0.063801,0.031018,0.014469,0.008335,0.005276,0.003971
SE11,Stockholm,,0.641540,0.645381,0.751677,0.760839,0.893931,0.853594,1.042699,0.987100,0.857159,0.864709,0.821995,0.636800
SE12,Östra Mellansverige,,0.259609,0.282595,0.330441,0.361788,0.537511,0.644131,1.029751,0.711188,0.420900,0.383073,0.337190,0.251775
SE21,Småland med öarna,,0.150611,0.153071,0.196320,0.201828,0.442735,0.735435,1.662243,0.832268,0.321123,0.244100,0.190542,0.141938
SE22,Sydsverige,,0.217757,0.260928,0.313265,0.338313,0.537979,0.636661,1.147281,0.764970,0.424179,0.349386,0.317977,0.272645
SE23,Västsverige,,0.413696,0.468277,0.536884,0.555388,0.974890,1.169309,2.210197,1.426370,0.680821,0.630425,0.595561,0.430766
SE31,Norra Mellansverige,,0.381212,0.431346,0.442213,0.289228,0.302951,0.504630,0.935049,0.567904,0.302315,0.255760,0.227300,0.288399
SE32,Mellersta Norrland,,0.175451,0.215617,0.240756,0.171391,0.148558,0.210133,0.445197,0.281862,0.174930,0.144272,0.128721,0.165492
SE33,Övre Norrland,,0.200537,0.226485,0.256302,0.236055,0.257040,0.338707,0.509003,0.375282,0.261635,0.219956,0.206900,0.180629
IS00,Ísland,,0.042555,0.067034,0.089863,0.081057,0.100404,0.176450,0.390555,0.234818,0.110129,0.105404,0.083067,0.056468
LI00,Liechtenstein,,0.000327,0.000436,0.000222,0.000299,0.000402,0.000738,0.000616,0.000554,0.000231,0.000531,0.000386,0.000535
NO02,Innlandet,,0.125035,0.162138,0.210880,0.127108,0.176111,0.321703,0.539179,0.369293,0.233943,0.151075,0.132877,0.117120
NO06,Trøndelag/Trööndelage,,0.119058,0.161611,0.174232,0.157426,0.182525,0.244090,0.324329,0.266282,0.194831,0.177298,0.174063,0.113088
NO07,Nord-Norge,,0.158944,0.188979,0.208419,0.189243,0.208742,0.353727,0.446232,0.353495,0.262879,0.217506,0.205859,0.144328
NO08,Oslo og Viken,,0.528305,0.539491,0.604377,0.572128,0.661804,0.836336,0.965904,0.843769,0.725303,0.674452,0.653865,0.473920
NO09,Agder og Sør-Østlandet,,0.102172,0.130093,0.179072,0.159269,0.353008,0.505287,1.120254,0.514822,0.241210,0.186741,0.155893,0.110687
NO0A,Vestlandet,,0.316073,0.367895,0.431995,0.443079,0.642358,0.739588,0.918828,0.739758,0.572809,0.457255,0.436715,0.299363
NO0B,Svalbard og Jan Mayen,,0.003080,0.006147,0.007180,0.008585,0.006342,0.004212,0.004842,0.006110,0.006141,0.005624,0.003755,0.002957
CH01,Région lémanique,,0.791155,1.111686,0.703949,0.459692,0.498682,0.573935,0.931593,0.856379,0.632716,0.492647,0.323288,0.575170
CH02,Espace Mittelland,,0.420222,0.523706,0.397083,0.358039,0.525217,0.561831,0.810774,0.726730,0.536617,0.454139,0.277624,0.297756
CH03,Nordwestschweiz,,0.080504,0.084054,0.093384,0.103886,0.130684,0.132376,0.129985,0.126342,0.126116,0.122805,0.120307,0.110427
CH04,Zürich,,0.145697,0.144529,0.188268,0.215642,0.263431,0.283474,0.284339,0.275880,0.262765,0.234126,0.207573,0.204574
CH05,Ostschweiz,,0.915802,1.257763,0.748097,0.320861,0.390444,0.571720,1.093063,0.983685,0.669640,0.604541,0.235764,0.584515
CH06,Zentralschweiz,,0.213461,0.279320,0.226915,0.207430,0.283788,0.295762,0.399220,0.366403,0.295104,0.261217,0.171089,0.182196
CH07,Ticino,,0.052492,0.071875,0.136698,0.306427,0.301579,0.318132,0.534882,0.407466,0.362734,0.282962,0.082640,0.068879
BA,Bosnia and Herzegovina,,:,:,:,:,:,:,:,:,:,:,:,:
ME00,Crna Gora,,0.050021,0.020756,0.032518,0.050465,0.062054,0.075715,0.086220,0.081919,0.048785,0.036852,0.031090,0.020761
MD,Moldova,,:,:,:,:,:,:,:,:,:,:,:,:
MK00,Severna Makedonija,,0.042568,0.035236,0.036813,0.042315,0.056326,0.063825,0.086988,0.094845,0.052320,0.055746,0.046518,0.036632
GE,Georgia,,:,:,:,:,:,:,:,:,:,:,:,:
AL01,Veri,,0.014188,0.013131,0.016730,0.020536,0.021387,0.046921,0.125871,0.134456,0.081302,0.032469,0.019838,0.020208
AL02,Qender,,0.034510,0.027137,0.036485,0.054793,0.053062,0.058809,0.087007,0.084730,0.061855,0.051733,0.034954,0.044351
AL03,Jug,,0.026251,0.020260,0.025937,0.038754,0.051349,0.100419,0.222488,0.292531,0.128645,0.060677,0.032252,0.038751
RS11,City of Belgrade,,0.034200,0.038121,0.044079,0.043548,0.043347,0.043009,0.042360,0.042832,0.041779,0.047984,0.045545,0.051411
RS12,Autonomous Province of Vojvodina,,0.051898,0.063318,0.069152,0.086602,0.089041,0.082448,0.096558,0.101506,0.079601,0.089163,0.075353,0.064853
RS21,Region Šumadije i Zapadne Srbije,,0.291993,0.284876,0.278451,0.293233,0.344435,0.324471,0.384622,0.439803,0.240505,0.241716,0.192486,0.207917
RS22,Region Južne i Istočne Srbije,,0.060023,0.081017,0.096256,0.127539,0.161796,0.167175,0.203351,0.226003,0.151861,0.126425,0.098859,0.071881
TR,Türkiye,,:,:,:,:,:,:,:,:,:,:,:,:
UA,Ukraine,,:,:,:,:,:,:,:,:,:,:,:,:
