NUTS,Region name,Total,January,February,March,April,May,June,July,August,September,October,November,December,,,,
BE10,Région de Bruxelles-Capitale / Brussels Hoofdstedelijk Gewest,,0.351584,0.402094,0.484230,0.490432,0.498824,0.477929,0.534204,0.525388,0.463231,0.504388,0.470400,0.529525,,,,
BE21,Prov. Antwerpen,,0.166345,0.194734,0.237553,0.231030,0.288910,0.260320,0.320197,0.336045,0.228959,0.272115,0.202710,0.229159,,,,
BE22,Prov. Limburg (BE),,0.115390,0.149442,0.186648,0.176129,0.237616,0.203662,0.285874,0.337512,0.193511,0.232725,0.116566,0.133427,,,,
BE23,Prov. Oost-Vlaanderen,,0.087051,0.092315,0.123200,0.126251,0.155707,0.134530,0.168223,0.187756,0.129565,0.135037,0.113507,0.120042,,,,
BE24,Prov. Vlaams-Brabant,,0.067124,0.072626,0.097487,0.109363,0.113088,0.103401,0.122729,0.124102,0.105223,0.107987,0.084980,0.089310,,,,
BE25,Prov. West-Vlaanderen,,0.158281,0.203453,0.298278,0.338626,0.464732,0.433747,0.556454,0.663883,0.415506,0.398713,0.252555,0.309862,,,,
BE31,Prov. Brabant wallon,,0.014211,0.015975,0.021561,0.022726,0.026265,0.024248,0.029326,0.031107,0.026177,0.026050,0.021785,0.017103,,,,
BE32,Prov. Hainaut,,0.033140,0.036825,0.046295,0.053780,0.063075,0.062161,0.080033,0.088219,0.047335,0.051571,0.040833,0.038197,,,,
BE33,Prov. Ličge,,0.041960,0.047694,0.073849,0.101611,0.151045,0.127392,0.182983,0.209307,0.107597,0.095254,0.059299,0.064161,,,,
BE34,Prov. Luxembourg (BE),,0.032240,0.048267,0.055667,0.083529,0.152092,0.108500,0.214927,0.280654,0.094789,0.079723,0.035132,0.043310,,,,
BE35,Prov. Namur,,0.017123,0.021519,0.027570,0.035440,0.061588,0.048873,0.079917,0.102094,0.048681,0.046651,0.021609,0.025742,,,,
BG31,Severozapaden,,0.009056,0.008209,0.005548,0.005278,0.007287,0.010027,0.010039,0.008548,0.006544,0.006298,0.005606,0.004821,,,,
BG32,Severen tsentralen,,0.005838,0.006703,0.008317,0.011000,0.015368,0.018025,0.020172,0.020303,0.017236,0.014906,0.008083,0.006272,,,,
BG33,Severoiztochen,,0.030818,0.034027,0.037789,0.061232,0.215764,0.845332,1.430559,1.538868,0.596211,0.077990,0.036788,0.033863,,,,
BG34,Yugoiztochen,,0.012974,0.013652,0.013541,0.022752,0.254471,1.225140,2.125714,2.199318,0.985478,0.035816,0.013037,0.010695,,,,
BG41,Yugozapaden,,0.295393,0.315541,0.237949,0.148328,0.154078,0.160342,0.180266,0.212906,0.167166,0.188585,0.141809,0.196122,,,,
BG42,Yuzhen tsentralen,,0.067785,0.061989,0.038719,0.036325,0.039255,0.048709,0.064798,0.056516,0.049557,0.040395,0.028133,0.036066,,,,
CZ01,Praha,,0.826594,0.864342,1.209268,1.255162,1.427412,1.328690,1.599881,1.641200,1.321717,1.451283,1.153576,1.585665,,,,
CZ02,St?ední ?echy,,0.032129,0.035628,0.045183,0.048715,0.069305,0.053169,0.088676,0.088199,0.051291,0.057431,0.039099,0.046856,,,,
CZ03,Jihozápad,,0.078863,0.087270,0.098758,0.103983,0.173837,0.158727,0.234693,0.272994,0.142448,0.132186,0.086325,0.108239,,,,
CZ04,Severozápad,,0.202220,0.248198,0.268774,0.236308,0.331906,0.255905,0.312618,0.346956,0.303126,0.342558,0.248449,0.277848,,,,
CZ05,Severovýchod,,0.164771,0.244173,0.080687,0.070170,0.154367,0.116326,0.197463,0.219870,0.108569,0.119343,0.055964,0.133276,,,,
CZ06,Jihovýchod,,0.065363,0.078421,0.084782,0.101081,0.145403,0.141334,0.176156,0.193932,0.127362,0.113012,0.094283,0.085807,,,,
CZ07,St?ední Morava,,0.030832,0.032398,0.036215,0.040832,0.058239,0.052303,0.063724,0.077052,0.046924,0.045840,0.040518,0.033659,,,,
CZ08,Moravskoslezsko,,0.023839,0.027291,0.027720,0.034188,0.061515,0.044692,0.058677,0.057898,0.038461,0.036004,0.033041,0.026674,,,,
DK01,Hovedstaden,,0.342945,0.370963,0.538591,0.609029,0.790956,0.827011,1.096029,1.155110,0.754423,0.683656,0.567354,0.609202,,,,
DK02,Sjćlland,,0.017615,0.020354,0.025101,0.029038,0.047707,0.074273,0.162830,0.178603,0.039461,0.045828,0.018280,0.016880,,,,
DK03,Syddanmark,,0.058843,0.058422,0.143277,0.248316,0.447273,0.470192,0.901207,0.980531,0.305852,0.286430,0.069466,0.097295,,,,
DK04,Midtjylland,,0.030367,0.030168,0.048317,0.067703,0.123922,0.147366,0.300113,0.333282,0.103671,0.090077,0.037110,0.035812,,,,
DK05,Nordjylland,,0.021074,0.025568,0.053441,0.055380,0.119157,0.173129,0.369034,0.319367,0.115878,0.061141,0.032354,0.024872,,,,
DE11,Stuttgart,,0.167705,0.244224,0.226655,0.243567,0.251262,0.365586,0.342276,0.300182,0.282255,0.280400,0.217790,0.225062,,,,
DE12,Karlsruhe,,0.116341,0.135959,0.153656,0.172779,0.204840,0.230975,0.310382,0.322804,0.223403,0.196982,0.157079,0.174545,,,,
DE13,Freiburg,,0.171591,0.194274,0.253618,0.389879,0.449676,0.428832,0.680891,0.727931,0.429693,0.410424,0.257528,0.330020,,,,
DE14,Tübingen,,0.066717,0.106294,0.093751,0.155358,0.147706,0.153366,0.253955,0.223552,0.141872,0.150587,0.086522,0.079632,,,,
DE21,Oberbayern,,0.666890,0.776121,0.816790,0.900899,1.084100,1.287761,1.537374,1.679901,1.318910,1.132189,0.904641,1.099848,,,,
DE22,Niederbayern,,0.046336,0.056727,0.057895,0.061947,0.079023,0.082942,0.119087,0.118883,0.081083,0.078008,0.060432,0.053272,,,,
DE23,Oberpfalz,,0.041134,0.046996,0.058471,0.051285,0.063468,0.070769,0.094076,0.094364,0.067839,0.059580,0.048884,0.050068,,,,
DE24,Oberfranken,,0.021333,0.025301,0.028238,0.030271,0.037825,0.043394,0.063834,0.064269,0.040190,0.033268,0.027910,0.024210,,,,
DE25,Mittelfranken,,0.143705,0.180218,0.160668,0.154773,0.201433,0.213815,0.277492,0.251135,0.193959,0.168559,0.145970,0.221597,,,,
DE26,Unterfranken,,0.029341,0.041022,0.038650,0.040131,0.057233,0.064871,0.092203,0.087171,0.059587,0.044773,0.033094,0.036120,,,,
DE27,Schwaben,,0.103852,0.171072,0.137877,0.195437,0.231327,0.242939,0.376844,0.354959,0.216438,0.209351,0.107179,0.123214,,,,
DE30,Berlin,,0.621432,0.831693,0.959911,1.054780,1.174725,1.197483,1.409035,1.295955,1.176249,1.095047,0.874532,1.092090,,,,
DE40,Brandenburg,,0.059211,0.069009,0.069641,0.084110,0.103734,0.111961,0.155917,0.134853,0.111962,0.091651,0.072616,0.062277,,,,
DE50,Bremen,,0.024879,0.030568,0.032781,0.040123,0.043806,0.052326,0.072014,0.062059,0.045138,0.042899,0.046938,0.047280,,,,
DE60,Hamburg,,0.181656,0.216926,0.253494,0.276806,0.331333,0.396030,0.483819,0.379045,0.360908,0.323302,0.266659,0.298459,,,,
DE71,Darmstadt,,0.551371,0.397515,0.486113,0.480592,0.512389,0.731516,0.639458,0.558575,0.631473,0.540363,0.515886,0.487069,,,,
DE72,Gießen,,0.012534,0.014465,0.019254,0.021513,0.024064,0.029159,0.029807,0.030197,0.027496,0.022209,0.017546,0.014604,,,,
DE73,Kassel,,0.034289,0.054603,0.038503,0.038050,0.049395,0.057972,0.088375,0.077827,0.051010,0.041012,0.030544,0.031900,,,,
DE80,Mecklenburg-Vorpommern,,0.025278,0.031514,0.043137,0.050341,0.091447,0.119080,0.210842,0.177415,0.102389,0.056402,0.037658,0.037865,,,,
DE91,Braunschweig,,0.035826,0.049102,0.051457,0.069390,0.079069,0.085962,0.155361,0.119468,0.080395,0.061682,0.048845,0.040294,,,,
DE92,Hannover,,0.060902,0.046024,0.060333,0.092980,0.073789,0.085740,0.118474,0.112020,0.108321,0.094769,0.083749,0.049181,,,,
DE93,Lüneburg,,0.021984,0.030260,0.031961,0.043875,0.064628,0.076864,0.157174,0.108722,0.061199,0.043986,0.031227,0.027213,,,,
DE94,Weser-Ems,,0.058265,0.072935,0.073068,0.110153,0.126571,0.113562,0.144961,0.166910,0.112087,0.090726,0.078252,0.076688,,,,
DEA1,Düsseldorf,,0.255030,0.208411,0.269455,0.289403,0.318883,0.472286,0.348977,0.285442,0.276246,0.305409,0.349164,0.374325,,,,
DEA2,Köln,,0.240997,0.211447,0.301471,0.314509,0.350716,0.537631,0.423680,0.460822,0.346647,0.346776,0.349964,0.459154,,,,
DEA3,Münster,,0.032639,0.038781,0.044413,0.062868,0.069899,0.079949,0.092211,0.083769,0.070335,0.058121,0.051075,0.055575,,,,
DEA4,Detmold,,0.024341,0.026785,0.032270,0.038978,0.046160,0.057029,0.060974,0.060748,0.053492,0.037030,0.033364,0.027804,,,,
DEA5,Arnsberg,,0.146123,0.205868,0.109639,0.127422,0.149227,0.187106,0.186792,0.222210,0.153350,0.137294,0.120069,0.152684,,,,
DEB1,Koblenz,,0.040311,0.048089,0.061346,0.105307,0.169704,0.182229,0.277974,0.308298,0.198153,0.118636,0.071184,0.065549,,,,
DEB2,Trier,,0.048903,0.075923,0.067553,0.149219,0.191978,0.195251,0.360705,0.399534,0.208684,0.141142,0.080281,0.094552,,,,
DEB3,Rheinhessen-Pfalz,,0.063053,0.071904,0.083237,0.089946,0.094658,0.114221,0.122216,0.119172,0.108411,0.095711,0.073335,0.066243,,,,
DEC0,Saarland,,0.021786,0.033052,0.031228,0.043643,0.046157,0.041612,0.066267,0.061992,0.040608,0.041755,0.032852,0.031182,,,,
DED2,Dresden,,0.050740,0.053435,0.069686,0.079259,0.113579,0.122900,0.159144,0.152225,0.108960,0.101269,0.070804,0.109588,,,,
DED4,Chemnitz,,0.013656,0.014949,0.018350,0.018597,0.020823,0.021455,0.032711,0.024279,0.021364,0.017611,0.014444,0.015054,,,,
DED5,Leipzig,,0.039097,0.047511,0.048903,0.051070,0.077971,0.121367,0.088290,0.068726,0.056411,0.056850,0.046279,0.047201,,,,
DEE0,Sachsen-Anhalt,,0.030932,0.034849,0.035905,0.041697,0.049582,0.064465,0.085919,0.067016,0.052143,0.042718,0.031535,0.027377,,,,
DEF0,Schleswig-Holstein,,0.063405,0.101255,0.124614,0.125247,0.181437,0.210727,0.395407,0.260066,0.166365,0.148892,0.115228,0.125436,,,,
DEG0,Thüringen,,0.030693,0.030659,0.035523,0.038328,0.048932,0.056801,0.074008,0.064980,0.052005,0.044544,0.034581,0.032857,,,,
EE00,Eesti,,0.169307,0.211477,0.233237,0.231890,0.320460,0.385960,0.529861,0.449415,0.301711,0.294998,0.242081,0.297578,,,,
IE04,Northern and Western,,0.154492,0.437262,0.498543,0.462916,0.940643,0.676839,0.628678,1.110417,0.771841,0.569848,0.256258,0.299546,,,,
IE05,Southern,,0.208271,0.186100,0.431645,0.660459,0.389493,0.594056,1.124725,1.151154,0.623452,0.629691,0.125431,0.755967,,,,
IE06,Eastern and Midland,,0.655766,0.531263,0.672001,0.632929,1.191042,1.474293,0.898010,1.018402,1.092655,0.910242,0.865917,0.719713,,,,
EL30,Attiki,,0.346216,0.387899,0.531928,0.726074,0.937801,1.180744,1.303436,1.296852,1.134282,0.782611,0.447779,0.440516,,,,
EL41,Voreio Aigaio,,0.004677,0.004386,0.006203,0.038625,0.177931,0.389360,0.518898,0.568336,0.425503,0.083974,0.011989,0.008151,,,,
EL42,Notio Aigaio,,0.020263,0.022964,0.171348,1.461997,4.495370,6.529411,7.960584,8.020944,6.193343,3.202835,0.146698,0.055724,,,,
EL43,Kriti,,0.034537,0.059277,0.170677,1.410009,3.821753,5.303410,6.414172,6.663116,5.380292,3.115028,0.198615,0.043551,,,,
EL51,"Anatoliki Makedonia, Thraki",,0.019105,0.017910,0.019609,0.050336,0.151358,0.459044,0.752067,0.796603,0.448792,0.061719,0.029957,0.028414,,,,
EL52,Kentriki Makedonia,,0.076494,0.079400,0.106625,0.389280,0.995763,2.273016,3.386214,3.633430,2.352628,0.645291,0.140037,0.106247,,,,
EL53,Dytiki Makedonia,,0.002368,0.002675,0.001644,0.003172,0.004128,0.004834,0.005975,0.006370,0.004958,0.003540,0.001682,0.002780,,,,
EL54,Ipeiros,,0.007257,0.007758,0.007815,0.027121,0.150725,0.264867,0.373929,0.383072,0.285203,0.088303,0.011206,0.009237,,,,
EL61,Thessalia,,0.014663,0.014226,0.024789,0.070297,0.218810,0.369230,0.582228,0.631063,0.362282,0.080749,0.021366,0.017265,,,,
EL62,Ionia Nisia,,0.003220,0.004721,0.008955,0.409683,2.028195,3.257458,4.435578,4.632655,3.360507,1.013605,0.016737,0.017858,,,,
EL63,Dytiki Elláda,,0.007950,0.010059,0.025695,0.044451,0.121265,0.179730,0.218260,0.232660,0.219003,0.105505,0.052999,0.008971,,,,
EL64,Sterea Elláda,,0.021513,0.021967,0.036132,0.079257,0.114299,0.156313,0.208302,0.238397,0.197375,0.058813,0.013608,0.018033,,,,
EL65,Peloponnisos,,0.019326,0.030450,0.074348,0.162284,0.290153,0.397931,0.536901,0.554936,0.481600,0.227407,0.052837,0.035404,,,,
ES11,Galicia,,0.081321,0.086687,0.154462,0.315214,0.520910,0.469111,0.446994,0.584579,0.570616,0.411485,0.154556,0.110445,,,,
ES12,Principado de Asturias,,0.031050,0.027253,0.053417,0.085414,0.127416,0.143597,0.225127,0.256154,0.175755,0.092621,0.042187,0.033036,,,,
ES13,Cantabria,,0.021083,0.025993,0.050921,0.079516,0.139124,0.137791,0.248646,0.246932,0.174155,0.080447,0.030811,0.020543,,,,
ES21,País Vasco,,0.155301,0.176495,0.279289,0.374728,0.495382,0.475141,0.635733,0.714057,0.537706,0.444619,0.246811,0.198396,,,,
ES22,Comunidad Foral de Navarra,,0.025787,0.026335,0.044947,0.097480,0.142317,0.091012,0.148636,0.161614,0.133968,0.077807,0.041850,0.031074,,,,
ES23,La Rioja,,0.007555,0.010034,0.016039,0.035397,0.051114,0.040382,0.038655,0.043782,0.053776,0.033927,0.014524,0.008679,,,,
ES24,Aragón,,0.069866,0.094899,0.104508,0.153187,0.198490,0.186166,0.261741,0.314604,0.201604,0.163916,0.106985,0.080291,,,,
ES30,Comunidad de Madrid,,1.114842,1.167390,1.452091,1.648003,1.714793,1.547926,1.582125,1.452739,1.662760,1.781771,1.435099,1.248077,,,,
ES41,Castilla y León,,0.092134,0.111629,0.157316,0.250422,0.340561,0.283967,0.317805,0.335149,0.346643,0.263669,0.147415,0.120849,,,,
ES42,Castilla-La Mancha,,0.041730,0.050751,0.062381,0.071351,0.090949,0.069555,0.069181,0.073401,0.082776,0.089269,0.069423,0.047197,,,,
ES43,Extremadura,,0.027711,0.029737,0.046756,0.071974,0.074846,0.056533,0.056930,0.076253,0.065514,0.056162,0.039474,0.032028,,,,
ES51,Cataluńa,,1.682513,2.064303,2.774465,4.042912,6.123208,6.525677,9.572177,10.107586,6.914962,4.860576,2.081141,1.767358,,,,
ES52,Comunitat Valenciana,,1.769945,1.960357,2.258528,2.409519,2.641222,2.563169,2.989282,3.435336,2.878200,2.982026,1.865215,1.654973,,,,
ES53,Illes Balears,,0.198051,0.461785,1.530979,3.437405,8.785334,10.079761,11.739792,12.133928,10.125258,7.413696,0.395814,0.281086,,,,
ES61,Andalucía,,2.059878,2.444390,3.105529,3.831301,4.372558,4.056436,4.145551,4.527384,4.489208,4.468017,2.492742,1.925600,,,,
ES62,Región de Murcia,,0.179591,0.185360,0.172936,0.143035,0.135856,0.139169,0.175245,0.195186,0.176911,0.199042,0.161811,0.150843,,,,
ES63,Ciudad de Ceuta,,0.003147,0.003271,0.002622,0.005106,0.003176,0.005318,0.004881,0.008417,0.002939,0.002372,0.004150,0.004234,,,,
ES64,Ciudad de Melilla,,0.001409,0.001326,0.001047,0.001688,0.001302,0.001613,0.001813,0.004697,0.002067,0.001793,0.001462,0.001956,,,,
ES70,Canarias,,7.855370,7.672707,8.089482,6.793002,6.249835,6.297486,7.118120,7.447015,6.686993,7.742193,7.708870,7.526836,,,,
FR10,Ile-de-France,,2.755804,2.734154,3.684830,3.769096,4.292832,3.879633,3.938880,4.254965,3.827835,4.175704,3.129889,3.670370,,,,
FRB0,Centre — Val de Loire,,0.039877,0.038359,0.069495,0.114022,0.212522,0.275588,0.513428,0.568103,0.239517,0.106839,0.050198,0.048550,,,,
FRC1,Bourgogne,,0.055621,0.064362,0.106798,0.137442,0.238209,0.289127,0.480780,0.486454,0.283595,0.147360,0.068876,0.074862,,,,
FRC2,Franche-Comté,,0.024146,0.025646,0.036169,0.040895,0.131468,0.120102,0.316471,0.332690,0.097840,0.039366,0.020754,0.024372,,,,
FRD1,Basse-Normandie,,0.023593,0.029826,0.076997,0.147018,0.298318,0.413365,0.726545,0.796777,0.334380,0.146256,0.048729,0.038263,,,,
FRD2,Haute-Normandie,,0.026656,0.026501,0.043613,0.073059,0.144757,0.168909,0.274653,0.335532,0.150685,0.072501,0.033554,0.031127,,,,
FRE1,Nord-Pas de Calais,,0.078707,0.093495,0.130924,0.165993,0.242525,0.227852,0.371551,0.416630,0.243187,0.172957,0.109430,0.117731,,,,
FRE2,Picardie,,0.028193,0.031267,0.059963,0.115927,0.184770,0.177550,0.365713,0.394912,0.162197,0.092765,0.038970,0.037844,,,,
FRF1,Alsace,,0.149382,0.175133,0.273020,0.335412,0.505135,0.457284,0.632269,0.693788,0.462611,0.393909,0.266647,0.510881,,,,
FRF2,Champagne-Ardenne,,0.036139,0.046353,0.071682,0.093952,0.160059,0.172651,0.295601,0.315437,0.160824,0.086233,0.050917,0.056860,,,,
FRF3,Lorraine,,0.082973,0.088149,0.122654,0.134246,0.259702,0.235464,0.456901,0.503865,0.216791,0.174680,0.070419,0.099559,,,,
FRG0,Pays de la Loire,,0.056124,0.060274,0.082694,0.119950,0.236721,0.388994,0.934086,0.977246,0.275460,0.114825,0.063175,0.058847,,,,
FRH0,Bretagne,,0.042931,0.044436,0.086741,0.154205,0.379085,0.587251,1.239771,1.460549,0.517004,0.157748,0.052689,0.051210,,,,
FRI1,Aquitaine,,0.095762,0.091360,0.246257,0.337016,0.608985,0.977258,2.524254,2.660440,0.986873,0.335870,0.135115,0.143351,,,,
FRI2,Limousin,,0.006042,0.006641,0.010274,0.013758,0.027401,0.047816,0.116293,0.136635,0.038711,0.015781,0.007406,0.007239,,,,
FRI3,Poitou-Charentes,,0.026011,0.027723,0.053333,0.084470,0.177617,0.291226,0.720132,0.727954,0.270839,0.096383,0.033459,0.033901,,,,
FRJ1,Languedoc-Roussillon,,0.083323,0.075779,0.155018,0.323596,0.964875,1.096017,2.394496,2.130069,1.128343,0.280677,0.087043,0.141942,,,,
FRJ2,Midi-Pyrénées,,0.115351,0.133130,0.164444,0.252060,0.393302,0.437046,0.800969,0.824701,0.465997,0.288342,0.116624,0.132336,,,,
FRK1,Auvergne,,0.022188,0.023463,0.033070,0.044948,0.072165,0.107225,0.255386,0.252248,0.099863,0.043303,0.021327,0.025902,,,,
FRK2,Rhône-Alpes,,1.771093,1.718432,1.826737,1.011572,0.826328,1.175486,2.568134,2.446077,0.896582,0.424241,0.287632,1.195642,,,,
FRL0,Provence-Alpes-Côte d’Azur,,0.410299,0.452574,0.751100,1.182743,1.911498,2.282969,3.676246,3.477454,2.365856,1.228461,0.402846,0.464222,,,,
FRM0,Corse,,0.004494,0.005192,0.012048,0.073424,0.347234,0.511290,0.883335,1.090637,0.579535,0.149879,0.008911,0.006577,,,,
FRY1,Guadeloupe,,0.022857,0.018780,0.024273,0.017566,0.015602,0.014639,0.012312,0.006656,0.002931,0.006823,0.019874,0.017667,,,,
FRY2,Martinique,,0.023905,0.021156,0.019896,0.017756,0.012690,0.011741,0.012484,0.008297,0.003387,0.006699,0.016622,0.022450,,,,
FRY3,Guyane,,:,:,:,:,:,:,:,:,:,:,:,:,,,,
FRY4,La Réunion,,0.007100,0.007043,0.007527,0.008918,0.009338,0.007570,0.012493,0.010527,0.015621,0.013759,0.014217,0.009443,,,,
FRY5,Mayotte,,:,:,:,:,:,:,:,:,:,:,:,:,,,,
HR02,Panonska Hrvatska,,0.014702,0.016470,0.028431,0.048873,0.078411,0.085186,0.149754,0.204549,0.088144,0.049689,0.021896,0.020350,,,,
HR03,Jadranska Hrvatska,,0.212517,0.279361,0.788531,2.016123,5.935864,11.244715,22.920729,24.321970,10.132820,2.702556,0.417734,0.346488,,,,
HR05,Grad Zagreb,,0.094705,0.089810,0.125783,0.195165,0.212565,0.215116,0.230961,0.259594,0.224349,0.196355,0.128944,0.162734,,,,
HR06,Sjeverna Hrvatska,,0.021231,0.029786,0.032398,0.048914,0.057430,0.067559,0.123803,0.140856,0.062028,0.046555,0.030288,0.032542,,,,
ITC1,Piemonte,,0.279779,0.375657,0.440064,0.509520,0.806184,0.745644,1.119661,1.151201,0.843384,0.559030,0.272062,0.259841,,,,
ITC2,Valle d’Aosta/Vallée d’Aoste,,0.182934,0.279163,0.233601,0.082732,0.042918,0.086311,0.187461,0.176735,0.085500,0.031829,0.017707,0.124806,,,,
ITC3,Liguria,,0.113488,0.150063,0.297073,0.560897,0.935456,0.831941,1.248257,1.197370,1.023536,0.687334,0.201474,0.147388,,,,
ITC4,Lombardia,,1.264422,1.515031,1.831870,2.263951,3.019755,2.987962,4.040567,4.011108,3.134597,2.377646,1.338900,1.463902,,,,
ITF1,Abruzzo,,0.031016,0.027640,0.033301,0.048676,0.106970,0.137445,0.224207,0.178791,0.145128,0.067330,0.055241,0.028342,,,,
ITF2,Molise,,0.001004,0.001348,0.001689,0.002065,0.004698,0.004881,0.007955,0.007826,0.005272,0.002961,0.001773,0.000863,,,,
ITF3,Campania,,0.157495,0.200372,0.413851,0.920801,1.446264,1.564109,1.818105,1.608431,1.688065,1.276099,0.344494,0.204273,,,,
ITF4,Puglia,,0.061974,0.074819,0.129724,0.372413,0.763394,0.804612,0.997892,0.878527,1.015797,0.702208,0.140964,0.089232,,,,
ITF5,Basilicata,,0.008341,0.009698,0.015744,0.033055,0.055685,0.062228,0.059468,0.054243,0.072017,0.053150,0.014837,0.009459,,,,
ITF6,Calabria,,0.008225,0.008632,0.014680,0.039842,0.163614,0.253733,0.343431,0.291914,0.301439,0.147914,0.018682,0.014002,,,,
ITG1,Sicilia,,0.138528,0.165430,0.336104,0.726260,1.075684,1.081662,1.269170,1.159525,1.254600,1.063710,0.274010,0.152686,,,,
ITG2,Sardegna,,0.016886,0.019967,0.042582,0.272559,0.932862,1.218053,1.582671,1.431703,1.522041,0.868860,0.042794,0.025685,,,,
ITH1,Provincia Autonoma di Bolzano/Bozen,,2.105479,2.691695,2.143206,1.099529,2.085267,2.569500,3.276191,3.043977,3.170989,2.413554,0.423364,1.529949,,,,
ITH2,Provincia Autonoma di Trento,,0.834538,1.071759,0.809750,0.333635,0.640319,0.773811,1.208613,1.108006,0.847027,0.429886,0.085039,0.476855,,,,
ITH3,Veneto,,0.963332,1.297395,1.928106,2.830274,6.134641,6.469412,10.001389,10.202191,6.512715,3.222095,1.182204,1.034733,,,,
ITH4,Friuli-Venezia Giulia,,0.152515,0.160791,0.192270,0.216077,0.659585,0.806347,1.305296,1.311360,0.693678,0.252500,0.129592,0.132472,,,,
ITH5,Emilia-Romagna,,0.288071,0.302906,0.515719,0.677828,1.258954,1.415129,2.606317,2.287719,1.448112,0.707222,0.405340,0.302310,,,,
ITI1,Toscana,,0.555489,0.598131,1.130402,1.851062,3.318333,3.146195,4.457197,4.072867,3.557645,2.416345,0.853206,0.664355,,,,
ITI2,Umbria,,0.043299,0.048369,0.081647,0.172340,0.282480,0.285410,0.377380,0.357094,0.310256,0.255795,0.097605,0.072607,,,,
ITI3,Marche,,0.040214,0.039000,0.052918,0.081245,0.180835,0.278241,0.410838,0.349955,0.249792,0.110489,0.062467,0.053199,,,,
ITI4,Lazio,,1.431118,1.907104,2.533219,3.089123,3.657523,3.596120,3.942629,3.385510,3.615332,3.742867,2.145497,1.743050,,,,
CY00,Kýpros,,0.210896,0.282096,0.552010,1.257258,1.792455,2.073334,2.401517,2.456024,2.259029,2.220053,0.721521,0.332661,,,,
LV00,Latvija,,0.120028,0.126150,0.162114,0.186684,0.243717,0.304907,0.429829,0.410285,0.251574,0.216094,0.182175,0.207696,,,,
LT01,Sostin?s regionas,,0.087550,0.080576,0.107853,0.120596,0.157338,0.159797,0.179929,0.198558,0.154352,0.134806,0.111188,0.115870,,,,
LT02,Vidurio ir vakar? Lietuvos regionas,,0.088872,0.078970,0.104912,0.102068,0.129417,0.153075,0.203957,0.201670,0.133693,0.112886,0.094619,0.089619,,,,
LU00,Luxembourg,,0.105405,0.119375,0.143377,0.239410,0.375222,0.342942,0.501656,0.589187,0.273863,0.212868,0.163176,0.159036,,,,
HU11,Budapest,,0.504016,0.539339,0.677890,0.720395,0.829683,0.795294,0.853075,0.945396,0.818887,0.817076,0.739229,0.881432,,,,
HU12,Pest,,0.021094,0.021426,0.027953,0.032072,0.041213,0.043768,0.062520,0.055204,0.040697,0.037839,0.028620,0.030307,,,,
HU21,Közép-Dunántúl,,0.031847,0.033490,0.042316,0.057276,0.084122,0.097199,0.201786,0.217268,0.078993,0.046025,0.031746,0.024661,,,,
HU22,Nyugat-Dunántúl,,0.103200,0.142017,0.178060,0.158290,0.219185,0.203794,0.247212,0.273285,0.209863,0.212536,0.161213,0.116165,,,,
HU23,Dél-Dunántúl,,0.008746,0.010732,0.014922,0.020891,0.043388,0.071368,0.149809,0.144720,0.044191,0.023576,0.013203,0.011816,,,,
HU31,Észak-Magyarország,,0.017898,0.019754,0.022537,0.025781,0.046898,0.041439,0.077060,0.091772,0.037875,0.027709,0.023165,0.015215,,,,
HU32,Észak-Alföld,,0.043064,0.045966,0.044931,0.056123,0.078199,0.077486,0.118999,0.138950,0.077758,0.058836,0.053686,0.044652,,,,
HU33,Dél-Alföld,,0.037665,0.041396,0.035142,0.044099,0.059986,0.059665,0.085057,0.088122,0.061947,0.050994,0.044365,0.036726,,,,
MT00,Malta,,0.485185,0.584607,0.745182,0.883296,0.982881,0.990181,1.194279,1.252856,1.017597,1.054456,0.800398,0.614165,,,,
NL11,Groningen,,0.035682,0.025758,0.048017,0.050231,0.069033,0.061322,0.090312,0.102422,0.063259,0.070471,0.034487,0.028743,,,,
NL12,Friesland (NL),,0.044623,0.037788,0.100493,0.133333,0.170730,0.177941,0.335003,0.322247,0.145696,0.173172,0.046294,0.032569,,,,
NL13,Drenthe,,0.063341,0.069008,0.167337,0.118258,0.099870,0.080580,0.265137,0.207802,0.088465,0.210555,0.036526,0.044292,,,,
NL21,Overijssel,,0.038240,0.033405,0.074183,0.141686,0.179229,0.138582,0.272833,0.263597,0.104594,0.176940,0.045179,0.039875,,,,
NL22,Gelderland,,0.085280,0.078979,0.158055,0.258292,0.277991,0.249515,0.471562,0.416910,0.190347,0.300136,0.110375,0.077489,,,,
NL23,Flevoland,,0.050465,0.034690,0.073772,0.071426,0.084267,0.067150,0.139343,0.156973,0.082089,0.108858,0.020140,0.030868,,,,
NL32,Noord-Holland,,1.503070,1.518813,2.057062,2.456443,2.518164,2.359866,3.024435,3.086573,2.369196,2.431314,1.772478,1.708973,,,,
NL34,Zeeland,,0.237323,0.186276,0.393526,0.672916,0.861686,0.816325,1.152388,1.355471,0.785981,0.866933,0.304419,0.163891,,,,
NL35,Utrecht,,0.063550,0.060675,0.098088,0.120987,0.119590,0.100352,0.131163,0.137604,0.104261,0.097234,0.080868,0.066375,,,,
NL36,Zuid-Holland,,0.342091,0.345057,0.588307,0.880139,0.878517,0.783802,1.144116,1.337312,0.818028,0.807753,0.403684,0.343405,,,,
NL41,Noord-Brabant,,0.169578,0.177641,0.269575,0.372687,0.364640,0.269491,0.566903,0.579535,0.279319,0.371507,0.208190,0.179163,,,,
NL42,Limburg (NL),,0.221869,0.209775,0.372567,0.376618,0.362377,0.286368,0.567515,0.506315,0.335817,0.522765,0.218336,0.219130,,,,
AT11,Burgenland,,0.022074,0.018679,0.027070,0.034709,0.062455,0.108975,0.098788,0.109586,0.058769,0.040182,0.021941,0.024746,,,,
AT12,Niederösterreich,,0.108091,0.111399,0.124287,0.143677,0.209552,0.221415,0.279153,0.312780,0.202099,0.175202,0.118891,0.149233,,,,
AT13,Wien,,0.753679,0.758536,1.016085,1.185069,1.337358,1.266600,1.497024,1.612754,1.247097,1.320548,1.201164,1.678237,,,,
AT21,Kärnten,,0.479888,0.537077,0.312190,0.114531,0.358060,0.617795,1.290117,1.542564,0.565467,0.217634,0.059667,0.307412,,,,
AT22,Steiermark,,0.534723,0.604237,0.420318,0.158089,0.263206,0.488020,0.676915,0.750283,0.366251,0.255008,0.123630,0.395984,,,,
AT31,Oberösterreich,,0.164135,0.194119,0.191320,0.185285,0.295402,0.356536,0.500389,0.535936,0.314360,0.242434,0.136652,0.191998,,,,
AT32,Salzburg,,2.553472,2.895103,2.054609,0.552462,0.894801,1.176440,2.341832,2.558690,1.185369,0.875675,0.337583,1.782619,,,,
AT33,Tirol,,4.571881,5.370091,3.963609,1.153157,1.551605,2.121222,3.986619,4.608988,2.464236,1.776892,0.783892,3.307874,,,,
AT34,Vorarlberg,,0.882661,1.034997,0.800793,0.204554,0.338807,0.392470,0.678244,0.839121,0.467133,0.400621,0.127499,0.567956,,,,
PL21,Ma?opolskie,,0.270240,0.283532,0.333325,0.338554,0.382673,0.388387,0.529424,0.570498,0.423164,0.437323,0.338756,0.476830,,,,
PL22,?l?skie,,0.048460,0.061916,0.056760,0.059993,0.061863,0.066546,0.091311,0.091241,0.066600,0.077809,0.064550,0.052399,,,,
PL41,Wielkopolskie,,0.033162,0.036110,0.043972,0.045734,0.060534,0.062273,0.076197,0.073168,0.064867,0.057479,0.054057,0.052638,,,,
PL42,Zachodniopomorskie,,0.135396,0.202860,0.264677,0.202086,0.289055,0.309800,0.459823,0.473645,0.353220,0.365605,0.210213,0.194565,,,,
PL43,Lubuskie,,0.018159,0.018552,0.023441,0.026054,0.029201,0.029456,0.038206,0.039455,0.030244,0.032347,0.028127,0.022705,,,,
PL51,Dolno?l?skie,,0.087607,0.110306,0.132769,0.113073,0.148545,0.147820,0.213799,0.215808,0.145417,0.196223,0.131564,0.172739,,,,
PL52,Opolskie,,0.005861,0.005285,0.006148,0.006734,0.009095,0.007156,0.010499,0.011101,0.007519,0.008240,0.006584,0.006127,,,,
PL61,Kujawsko-pomorskie,,0.012460,0.012115,0.021026,0.016243,0.019719,0.030838,0.026169,0.026879,0.021545,0.017364,0.016241,0.014434,,,,
PL62,Warmi?sko-mazurskie,,0.005264,0.005754,0.008300,0.010587,0.024328,0.042835,0.044573,0.042927,0.026939,0.011758,0.005989,0.009026,,,,
PL63,Pomorskie,,0.068782,0.077010,0.098340,0.100497,0.132374,0.148522,0.240088,0.238455,0.157017,0.132400,0.098727,0.115032,,,,
PL71,?ódzkie,,0.017193,0.019517,0.022279,0.023058,0.021561,0.025830,0.033800,0.034014,0.027550,0.027437,0.025337,0.023004,,,,
PL72,?wi?tokrzyskie,,0.009348,0.010032,0.010631,0.009948,0.012863,0.012550,0.013417,0.011827,0.013304,0.007071,0.008695,0.006031,,,,
PL81,Lubelskie,,0.012828,0.014483,0.014734,0.017403,0.016930,0.017877,0.026485,0.024949,0.019682,0.019777,0.018820,0.017002,,,,
PL82,Podkarpackie,,0.030860,0.028320,0.028575,0.027817,0.033162,0.030533,0.037054,0.032910,0.029523,0.032357,0.027898,0.030206,,,,
PL84,Podlaskie,,0.007687,0.008380,0.009447,0.010065,0.011916,0.013934,0.017521,0.019336,0.011758,0.010538,0.009538,0.010055,,,,
PL91,Warszawski sto?eczny,,0.174935,0.182378,0.211224,0.216721,0.234728,0.261332,0.325498,0.342703,0.282755,0.265811,0.230941,0.258461,,,,
PL92,Mazowiecki regionalny,,0.012581,0.012792,0.015308,0.014553,0.015202,0.018443,0.024366,0.025383,0.022267,0.021927,0.026088,0.023162,,,,
PT11,Norte,,0.353908,0.425844,0.647359,0.777504,0.977060,0.896914,1.075667,1.291575,1.063833,0.913638,0.554539,0.443186,,,,
PT15,Algarve,,0.575956,0.786242,1.142379,1.484117,1.883111,1.896574,2.170924,2.246731,1.954873,1.928712,0.775821,0.568058,,,,
PT19,Centro (PT),,0.070862,0.076585,0.124761,0.144856,0.198160,0.185985,0.250995,0.347536,0.230560,0.173103,0.102317,0.081530,,,,
PT1A,Grande Lisboa,,0.797088,0.994711,1.340162,1.405734,1.617021,1.477287,1.598259,1.758375,1.605505,1.571284,1.149575,0.908445,,,,
PT1B,Península de Setúbal,,0.027372,0.036550,0.068135,0.076122,0.098265,0.093440,0.109948,0.131438,0.109163,0.091685,0.053803,0.035565,,,,
PT1C,Alentejo,,0.054310,0.071968,0.110350,0.131956,0.175388,0.139308,0.158592,0.187264,0.172646,0.147959,0.080757,0.064475,,,,
PT1D,Oeste e Vale do Tejo,,0.055723,0.077299,0.136090,0.176457,0.215080,0.194469,0.257505,0.303681,0.241938,0.223638,0.118101,0.066043,,,,
PT20,Regiăo Autónoma dos Açores,,0.037521,0.046115,0.086930,0.123633,0.194001,0.236191,0.316231,0.347911,0.265556,0.172180,0.077397,0.047539,,,,
PT30,Regiăo Autónoma da Madeira,,0.514558,0.564846,0.665217,0.687440,0.754647,0.726436,0.800375,0.823834,0.756978,0.718595,0.619036,0.536502,,,,
RO11,Nord-Vest,,0.021075,0.024756,0.028997,0.032550,0.042668,0.047848,0.058128,0.060389,0.048606,0.042083,0.032357,0.024635,,,,
RO12,Centru,,0.041834,0.036183,0.042513,0.058146,0.093642,0.088992,0.122196,0.137507,0.097369,0.071337,0.047287,0.045303,,,,
RO21,Nord-Est,,0.015869,0.013114,0.016274,0.016427,0.021494,0.023829,0.032695,0.032140,0.026459,0.022534,0.016471,0.014428,,,,
RO22,Sud-Est,,0.009092,0.011321,0.012351,0.015674,0.021929,0.024355,0.035285,0.035855,0.026061,0.016004,0.014640,0.010582,,,,
RO31,Sud-Muntenia,,0.014608,0.016837,0.014361,0.018418,0.021027,0.023343,0.031543,0.034606,0.025281,0.020972,0.019585,0.016454,,,,
RO32,Bucure?ti-Ilfov,,0.148571,0.172119,0.208004,0.212910,0.224359,0.223543,0.206835,0.207568,0.227819,0.235428,0.211432,0.196582,,,,
RO41,Sud-Vest Oltenia,,0.005085,0.006140,0.005595,0.006249,0.008546,0.007317,0.010940,0.012338,0.008840,0.007640,0.006347,0.009736,,,,
RO42,Vest,,0.016649,0.016239,0.020493,0.021477,0.026759,0.022476,0.028059,0.030655,0.028462,0.024537,0.020509,0.021462,,,,
SI03,Vzhodna Slovenija,,0.178301,0.163670,0.165312,0.168497,0.239908,0.237161,0.445716,0.530422,0.237818,0.217206,0.168216,0.169609,,,,
SI04,Zahodna Slovenija,,0.292964,0.286968,0.371567,0.482493,0.819268,0.986577,1.865189,2.098519,1.003606,0.553905,0.293694,0.360265,,,,
SK01,Bratislavský kraj,,0.077086,0.076238,0.108275,0.115959,0.137937,0.140058,0.194376,0.189191,0.132422,0.135516,0.115262,0.128911,,,,
SK02,Západné Slovensko,,0.041168,0.058104,0.070598,0.073938,0.109818,0.114521,0.140215,0.128783,0.099713,0.088951,0.065851,0.045306,,,,
SK03,Stredné Slovensko,,0.134202,0.181791,0.092570,0.050766,0.083136,0.088512,0.189401,0.175694,0.083457,0.077217,0.049602,0.092575,,,,
SK04,Východné Slovensko,,0.070826,0.089557,0.055858,0.049567,0.079636,0.092909,0.141171,0.165272,0.094514,0.071827,0.042346,0.057239,,,,
FI19,Länsi-Suomi,,0.026567,0.033587,0.032301,0.026820,0.036615,0.045035,0.061497,0.063714,0.036724,0.035527,0.032787,0.027632,,,,
FI1B,Helsinki-Uusimaa,,0.153568,0.158103,0.167376,0.169262,0.227171,0.310654,0.334689,0.375171,0.250037,0.215421,0.222546,0.246054,,,,
FI1C,Etelä-Suomi,,0.015387,0.016279,0.017286,0.016558,0.028209,0.037530,0.049332,0.060705,0.023894,0.020500,0.017591,0.012679,,,,
FI1D,Pohjois- ja Itä-Suomi,,0.398381,0.423830,0.311598,0.057739,0.036043,0.092571,0.143151,0.133046,0.076869,0.078529,0.191766,0.616245,,,,
FI20,Ĺland,,0.003840,0.003294,0.004410,0.005515,0.021170,0.029472,0.064568,0.041172,0.016140,0.008255,0.003753,0.002461,,,,
SE11,Stockholm,,0.238386,0.294225,0.350915,0.349954,0.562634,0.578847,0.767908,0.760557,0.480837,0.426728,0.349173,0.390131,,,,
SE12,Östra Mellansverige,,0.035560,0.038192,0.041007,0.048681,0.072983,0.119731,0.230698,0.153913,0.071411,0.069026,0.049301,0.039206,,,,
SE21,Smĺland med öarna,,0.024731,0.032799,0.031324,0.032225,0.092135,0.196533,0.470610,0.361116,0.077058,0.039059,0.023244,0.018752,,,,
SE22,Sydsverige,,0.068315,0.087835,0.102733,0.101688,0.180755,0.247419,0.425812,0.386107,0.160107,0.120748,0.092575,0.094770,,,,
SE23,Västsverige,,0.117279,0.134573,0.199516,0.165013,0.299243,0.389256,0.956600,0.603556,0.247481,0.218409,0.180948,0.166897,,,,
SE31,Norra Mellansverige,,0.076752,0.112858,0.082711,0.043409,0.086772,0.169882,0.402769,0.235130,0.066324,0.043387,0.034453,0.055164,,,,
SE32,Mellersta Norrland,,0.022583,0.043935,0.037218,0.020907,0.036274,0.069603,0.176540,0.083528,0.032925,0.023064,0.018268,0.025875,,,,
SE33,Övre Norrland,,0.099647,0.127498,0.108930,0.044913,0.058621,0.171379,0.455395,0.164361,0.067871,0.045975,0.049618,0.101588,,,,
IS00,Ísland,,0.340725,0.474557,0.553567,0.404181,0.560582,0.820394,1.168568,1.136732,0.802678,0.671688,0.455256,0.385916,,,,
LI00,Liechtenstein,,0.016004,0.019644,0.017389,0.011880,0.017227,0.019597,0.028815,0.029633,0.019880,0.018573,0.010842,0.013818,,,,
NO02,Innlandet,,0.061994,0.122745,0.092593,0.028370,0.036872,0.109808,0.196984,0.159741,0.056482,0.027144,0.017308,0.056627,,,,
NO06,Trřndelag/Trööndelage,,0.013385,0.016707,0.019552,0.028034,0.060697,0.109008,0.127018,0.098387,0.055363,0.026987,0.018443,0.016651,,,,
NO07,Nord-Norge,,0.098984,0.154204,0.160312,0.072896,0.118260,0.324851,0.466409,0.350084,0.174539,0.132095,0.121248,0.165958,,,,
NO08,Oslo og Viken,,0.214295,0.259666,0.271508,0.231088,0.293832,0.381389,0.523824,0.553709,0.322544,0.276089,0.223035,0.273823,,,,
NO09,Agder og Sřr-Řstlandet,,0.034649,0.046389,0.060088,0.025947,0.055343,0.107678,0.236975,0.184071,0.049804,0.032861,0.026417,0.033885,,,,
NO0A,Vestlandet,,0.067161,0.085867,0.097493,0.130511,0.317987,0.604472,0.887575,0.817211,0.340763,0.156413,0.100374,0.094877,,,,
NO0B,Svalbard og Jan Mayen,,0.006546,0.009919,0.010243,0.008371,0.009799,0.011063,0.015131,0.013528,0.007470,0.006251,0.004616,0.006139,,,,
CH01,Région lémanique,,0.630365,0.707671,0.752171,0.482384,0.541791,0.702500,1.003134,1.101092,0.675400,0.473480,0.353091,0.675024,,,,
CH02,Espace Mittelland,,0.260235,0.307108,0.283153,0.299622,0.502280,0.645814,0.845336,0.910538,0.583784,0.401378,0.189217,0.303021,,,,
CH03,Nordwestschweiz,,0.077622,0.085529,0.108787,0.115163,0.148160,0.164608,0.163660,0.162414,0.147790,0.141943,0.123614,0.155771,,,,
CH04,Zürich,,0.260518,0.243475,0.300114,0.326843,0.398138,0.441734,0.486567,0.459290,0.414716,0.363650,0.304417,0.383904,,,,
CH05,Ostschweiz,,0.415090,0.447327,0.436790,0.139167,0.169597,0.260634,0.431606,0.596249,0.284611,0.161386,0.075570,0.342120,,,,
CH06,Zentralschweiz,,0.127748,0.136881,0.177228,0.190001,0.282462,0.346296,0.424934,0.434000,0.301280,0.221426,0.127885,0.182722,,,,
CH07,Ticino,,0.031799,0.033900,0.062615,0.084613,0.148049,0.157794,0.214302,0.302065,0.167265,0.099772,0.049817,0.046921,,,,
BA,Bosnia and Herzegovina,,:,:,:,:,:,:,:,:,:,:,:,:,,,,
ME00,Crna Gora,,0.019562,0.070151,0.106919,0.267291,0.437268,0.657869,0.949987,1.004449,0.613871,0.311910,0.103483,0.060660,,,,
MD,Moldova,,:,:,:,:,:,:,:,:,:,:,:,:,,,,
MK00,Severna Makedonija,,0.052706,0.049415,0.073300,0.108062,0.141425,0.177529,0.222227,0.232455,0.178756,0.142827,0.084894,0.066782,,,,
GE,Georgia,,:,:,:,:,:,:,:,:,:,:,:,:,,,,
AL01,Veri,,0.011650,0.011534,0.020504,0.029309,0.051984,0.146263,0.260501,0.341834,0.129268,0.061138,0.033988,0.026609,,,,
AL02,Qender,,0.072713,0.086439,0.109615,0.200915,0.227584,0.274194,0.363794,0.433996,0.327036,0.187454,0.141438,0.093874,,,,
AL03,Jug,,0.010402,0.010255,0.015597,0.047529,0.104919,0.242467,0.318635,0.410134,0.266826,0.094917,0.048792,0.016830,,,,
RS11,City of Belgrade,,0.173012,0.171356,0.237208,0.276922,0.314800,0.287152,0.307753,0.301584,0.289302,0.316756,0.256489,0.261489,,,,
RS12,Autonomous Province of Vojvodina,,0.054193,0.053242,0.080949,0.080370,0.109198,0.096874,0.125190,0.116618,0.086688,0.093533,0.076551,0.070368,,,,
RS21,Region Šumadije i Zapadne Srbije,,0.122649,0.096406,0.070970,0.078622,0.095313,0.097365,0.148225,0.161912,0.106997,0.095254,0.079435,0.106679,,,,
RS22,Region Južne i Isto?ne Srbije,,0.036293,0.028802,0.043341,0.038306,0.050470,0.052750,0.076350,0.087827,0.050386,0.046637,0.040724,0.048439,,,,
TR,Türkiye,,:,:,:,:,:,:,:,:,:,:,:,:,,,,
UA,Ukraine,,:,:,:,:,:,:,:,:,:,:,:,:,,,,
